-8.722,-15.871,475.005,0.0,0.0,0.0
3416.063,1456.311,492.158,3500.0,1500.0,0.0
2840.363,1439.7,481.202,2916.6666666666665,1500.0,0.0
2267.425,1433.373,476.599,2333.333333333333,1500.0,0.0
1693.418,1426.022,475.59,1750.0,1500.0,0.0
1122.807,1422.733,474.899,1166.6666666666665,1500.0,0.0
554.123,1415.596,474.82,583.3333333333335,1500.0,0.0
-12.042,1416.472,473.171,0.0,1500.0,0.0
-593.842,1448.851,484.154,-583.3333333333335,1500.0,0.0
-1170.837,1448.91,484.171,-1166.666666666667,1500.0,0.0
-1750.658,1443.002,480.515,-1750.0,1500.0,0.0
-2327.423,1446.484,480.341,-2333.333333333333,1500.0,0.0
-2906.246,1445.315,486.626,-2916.666666666667,1500.0,0.0
-3483.769,1458.306,498.829,-3500.0,1500.0,0.0
3414.237,1204.571,481.166,3500.0,1250.0,0.0
2839.203,1195.701,471.403,2916.6666666666665,1250.0,0.0
2264.059,1185.677,469.621,2333.333333333333,1250.0,0.0
1689.861,1182.434,467.357,1750.0,1250.0,0.0
1118.936,1176.558,468.695,1166.6666666666665,1250.0,0.0
550.314,1174.012,468.851,583.3333333333335,1250.0,0.0
-14.608,1171.55,469.718,0.0,1250.0,0.0
-596.995,1207.479,482.836,-583.3333333333335,1250.0,0.0
-1174.97,1205.111,481.685,-1166.666666666667,1250.0,0.0
-1752.483,1202.841,481.101,-1750.0,1250.0,0.0
-2328.557,1202.075,481.338,-2333.333333333333,1250.0,0.0
-2906.087,1206.867,485.744,-2916.666666666667,1250.0,0.0
-3482.561,1213.638,495.64,-3500.0,1250.0,0.0
3413.212,960.313,476.65,3500.0,1000.0,0.0
2839.639,949.303,472.589,2916.6666666666665,1000.0,0.0
2264.678,944.681,469.966,2333.333333333333,1000.0,0.0
1690.168,939.013,470.053,1750.0,1000.0,0.0
1119.262,936.997,470.644,1166.6666666666665,1000.0,0.0
550.676,930.391,471.239,583.3333333333335,1000.0,0.0
-13.358,932.693,470.792,0.0,1000.0,0.0
-596.944,963.313,486.23,-583.3333333333335,1000.0,0.0
-1175.766,962.445,483.657,-1166.666666666667,1000.0,0.0
-1752.095,960.195,482.619,-1750.0,1000.0,0.0
-2329.265,961.405,481.213,-2333.333333333333,1000.0,0.0
-2906.126,964.025,484.527,-2916.666666666667,1000.0,0.0
-3481.339,969.909,490.68,-3500.0,1000.0,0.0
3412.078,715.499,475.25,3500.0,750.0,0.0
2838.205,709.632,471.3,2916.6666666666665,750.0,0.0
2264.174,702.379,471.411,2333.333333333333,750.0,0.0
1689.622,701.534,469.992,1750.0,750.0,0.0
1118.118,697.611,472.263,1166.6666666666665,750.0,0.0
548.907,693.864,470.079,583.3333333333335,750.0,0.0
-12.783,690.204,471.318,0.0,750.0,0.0
-598.549,721.159,488.809,-583.3333333333335,750.0,0.0
-1176.058,716.798,486.518,-1166.666666666667,750.0,0.0
-1753.645,716.417,483.274,-1750.0,750.0,0.0
-2329.072,715.52,482.662,-2333.333333333333,750.0,0.0
-2906.243,717.609,483.291,-2916.666666666667,750.0,0.0
-3481.389,721.31,487.965,-3500.0,750.0,0.0
3411.927,471.205,472.662,3500.0,500.0,0.0
2838.9,464.225,472.136,2916.6666666666665,500.0,0.0
2264.675,461.504,471.708,2333.333333333333,500.0,0.0
1690.675,458.85,472.923,1750.0,500.0,0.0
1118.153,457.998,472.699,1166.6666666666665,500.0,0.0
548.282,453.822,471.598,583.3333333333335,500.0,0.0
-12.221,451.885,468.922,0.0,500.0,0.0
-598.762,475.03,493.489,-583.3333333333335,500.0,0.0
-1177.028,472.448,487.538,-1166.666666666667,500.0,0.0
-1753.044,471.368,485.156,-1750.0,500.0,0.0
-2327.566,471.561,483.55,-2333.333333333333,500.0,0.0
-2905.017,472.486,483.474,-2916.666666666667,500.0,0.0
-3480.154,474.658,485.35,-3500.0,500.0,0.0
3412.311,225.313,472.882,3500.0,250.0,0.0
2838.805,224.119,471.877,2916.6666666666665,250.0,0.0
2266.81,222.335,473.368,2333.333333333333,250.0,0.0
1690.337,220.233,473.112,1750.0,250.0,0.0
1117.505,218.853,473.607,1166.6666666666665,250.0,0.0
546.675,220.089,469.785,583.3333333333335,250.0,0.0
-12.046,214.304,466.523,0.0,250.0,0.0
-601.291,230.624,494.345,-583.3333333333335,250.0,0.0
-1177.329,226.345,489.311,-1166.666666666667,250.0,0.0
-1754.029,226.557,484.903,-1750.0,250.0,0.0
-2327.757,225.557,484.009,-2333.333333333333,250.0,0.0
-2904.243,225.92,483.191,-2916.666666666667,250.0,0.0
-3478.918,225.743,484.47,-3500.0,250.0,0.0
3412.795,-19.725,472.659,3500.0,0.0,0.0
2839.556,-19.905,471.805,2916.6666666666665,0.0,0.0
2265.409,-20.607,472.93,2333.333333333333,0.0,0.0
1690.583,-19.517,473.488,1750.0,0.0,0.0
1118.543,-20.983,475.697,1166.6666666666665,0.0,0.0
547.471,-19.481,471.636,583.3333333333335,0.0,0.0
-10.642,-19.249,466.687,0.0,0.0,0.0
-600.287,-19.348,495.589,-583.3333333333335,0.0,0.0
-1176.379,-18.756,490.128,-1166.666666666667,0.0,0.0
-1752.168,-18.698,486.274,-1750.0,0.0,0.0
-2328.174,-18.582,482.696,-2333.333333333333,0.0,0.0
-2903.865,-19.441,482.878,-2916.666666666667,0.0,0.0
-3478.007,-20.538,483.268,-3500.0,0.0,0.0
3414.984,-251.863,481.035,3500.0,-250.0,0.0
2840.302,-261.644,473.23,2916.6666666666665,-250.0,0.0
2266.289,-260.508,474.024,2333.333333333333,-250.0,0.0
1691.508,-258.574,474.256,1750.0,-250.0,0.0
1118.275,-255.474,473.589,1166.6666666666665,-250.0,0.0
548.094,-254.328,471.002,583.3333333333335,-250.0,0.0
-11.979,-268.085,500.336,0.0,-250.0,0.0
-598.821,-267.456,494.907,-583.3333333333335,-250.0,0.0
-1175.908,-265.218,490.817,-1166.666666666667,-250.0,0.0
-1752.437,-263.338,485.045,-1750.0,-250.0,0.0
-2327.483,-264.501,483.207,-2333.333333333333,-250.0,0.0
-2904.459,-266.486,482.21,-2916.666666666667,-250.0,0.0
-3478.005,-269.001,483.799,-3500.0,-250.0,0.0
3414.727,-510.163,476.665,3500.0,-500.0,0.0
2841.781,-508.933,476.635,2916.6666666666665,-500.0,0.0
2267.646,-505.666,475.616,2333.333333333333,-500.0,0.0
1692.769,-500.478,474.462,1750.0,-500.0,0.0
1120.292,-497.263,474.921,1166.6666666666665,-500.0,0.0
551.44,-492.996,474.627,583.3333333333335,-500.0,0.0
-10.765,-516.081,496.789,0.0,-500.0,0.0
-597.437,-510.824,492.08,-583.3333333333335,-500.0,0.0
-1175.467,-508.055,486.719,-1166.666666666667,-500.0,0.0
-1750.906,-507.314,484.661,-1750.0,-500.0,0.0
-2326.433,-507.95,482.377,-2333.333333333333,-500.0,0.0
-2902.63,-510.787,482.96,-2916.666666666667,-500.0,0.0
-3478.606,-515.175,484.74,-3500.0,-500.0,0.0
3415.779,-753.084,479.053,3500.0,-750.0,0.0
2842.425,-747.023,474.904,2916.6666666666665,-750.0,0.0
2268.362,-742.233,473.565,2333.333333333333,-750.0,0.0
1693.892,-737.001,472.278,1750.0,-750.0,0.0
1122.628,-734.923,474.571,1166.6666666666665,-750.0,0.0
552.204,-729.813,471.455,583.3333333333335,-750.0,0.0
-10.557,-759.286,492.62,0.0,-750.0,0.0
-596.06,-755.444,488.315,-583.3333333333335,-750.0,0.0
-1173.238,-753.399,485.787,-1166.666666666667,-750.0,0.0
-1750.555,-752.542,482.844,-1750.0,-750.0,0.0
-2324.972,-753.551,482.511,-2333.333333333333,-750.0,0.0
-2904.5,-756.536,482.572,-2916.666666666667,-750.0,0.0
-3478.979,-763.505,487.451,-3500.0,-750.0,0.0
3417.686,-999.942,483.404,3500.0,-1000.0,0.0
2844.169,-992.261,477.001,2916.6666666666665,-1000.0,0.0
2269.789,-986.22,473.952,2333.333333333333,-1000.0,0.0
1695.73,-979.678,472.872,1750.0,-1000.0,0.0
1124.384,-976.312,473.753,1166.6666666666665,-1000.0,0.0
555.33,-970.61,472.597,583.3333333333335,-1000.0,0.0
-10.203,-1001.433,488.302,0.0,-1000.0,0.0
-593.365,-998.43,485.359,-583.3333333333335,-1000.0,0.0
-1170.972,-996.348,482.866,-1166.666666666667,-1000.0,0.0
-1748.267,-994.193,481.373,-1750.0,-1000.0,0.0
-2324.138,-996.457,479.718,-2333.333333333333,-1000.0,0.0
-2902.245,-999.845,482.509,-2916.666666666667,-1000.0,0.0
-3478.377,-1008.449,488.798,-3500.0,-1000.0,0.0
3420.57,-1241.898,488.594,3500.0,-1250.0,0.0
2849.322,-1232.905,479.809,2916.6666666666665,-1250.0,0.0
2271.557,-1223.386,473.788,2333.333333333333,-1250.0,0.0
1697.911,-1217.601,471.452,1750.0,-1250.0,0.0
1125.809,-1212.134,470.207,1166.6666666666665,-1250.0,0.0
571.776,-1241.831,483.119,583.3333333333335,-1250.0,0.0
-8.178,-1242.777,485.615,0.0,-1250.0,0.0
-591.114,-1238.919,482.167,-583.3333333333335,-1250.0,0.0
-1169.042,-1237.428,480.806,-1166.666666666667,-1250.0,0.0
-1747.878,-1236.05,477.248,-1750.0,-1250.0,0.0
-2324.395,-1238.945,478.31,-2333.333333333333,-1250.0,0.0
-2903.2,-1244.33,481.94,-2916.666666666667,-1250.0,0.0
-3479.175,-1254.418,492.614,-3500.0,-1250.0,0.0
3422.365,-1485.353,491.981,3500.0,-1500.0,0.0
2848.846,-1471.212,480.791,2916.6666666666665,-1500.0,0.0
2273.701,-1461.729,472.179,2333.333333333333,-1500.0,0.0
1700.129,-1454.665,470.926,1750.0,-1500.0,0.0
1128.006,-1449.736,467.946,1166.6666666666665,-1500.0,0.0
572.43,-1479.31,480.369,583.3333333333335,-1500.0,0.0
-8.465,-1480.748,478.447,0.0,-1500.0,0.0
-588.594,-1476.907,478.804,-583.3333333333335,-1500.0,0.0
-1167.068,-1478.081,476.27,-1166.666666666667,-1500.0,0.0
-1744.184,-1475.54,475.846,-1750.0,-1500.0,0.0
-2323.691,-1478.876,473.641,-2333.333333333333,-1500.0,0.0
-2901.787,-1482.788,480.989,-2916.666666666667,-1500.0,0.0
-3479.822,-1497.276,493.564,-3500.0,-1500.0,0.0
3415.158,1452.866,689.126,3500.0,1500.0,200.0
2838.706,1437.474,680.084,2916.6666666666665,1500.0,200.0
2264.815,1431.591,677.298,2333.333333333333,1500.0,200.0
1692.346,1425.04,678.684,1750.0,1500.0,200.0
1122.048,1423.182,679.957,1166.6666666666665,1500.0,200.0
553.64,1416.722,679.027,583.3333333333335,1500.0,200.0
-12.845,1418.77,677.603,0.0,1500.0,200.0
-592.106,1448.392,693.729,-583.3333333333335,1500.0,200.0
-1170.994,1447.99,689.714,-1166.666666666667,1500.0,200.0
-1748.608,1440.844,685.189,-1750.0,1500.0,200.0
-2325.15,1444.66,684.185,-2333.333333333333,1500.0,200.0
-2902.204,1443.08,688.968,-2916.666666666667,1500.0,200.0
-3479.85,1454.634,698.733,-3500.0,1500.0,200.0
3410.971,1201.419,678.884,3500.0,1250.0,200.0
2837.657,1193.874,670.237,2916.6666666666665,1250.0,200.0
2262.247,1182.392,670.817,2333.333333333333,1250.0,200.0
1689.762,1181.907,670.371,1750.0,1250.0,200.0
1118.917,1174.432,673.928,1166.6666666666665,1250.0,200.0
550.683,1175.482,673.204,583.3333333333335,1250.0,200.0
-14.66,1173.028,673.79,0.0,1250.0,200.0
-595.626,1208.505,693.875,-583.3333333333335,1250.0,200.0
-1173.613,1203.73,689.953,-1166.666666666667,1250.0,200.0
-1750.614,1202.484,686.561,-1750.0,1250.0,200.0
-2326.523,1200.699,685.674,-2333.333333333333,1250.0,200.0
-2902.02,1204.39,688.085,-2916.666666666667,1250.0,200.0
-3478.493,1210.531,696.062,-3500.0,1250.0,200.0
3412.11,958.145,674.826,3500.0,1000.0,200.0
2836.239,947.297,672.817,2916.6666666666665,1000.0,200.0
2262.632,942.588,671.984,2333.333333333333,1000.0,200.0
1689.545,938.009,674.944,1750.0,1000.0,200.0
1118.453,936.097,674.833,1166.6666666666665,1000.0,200.0
551.094,933.662,676.127,583.3333333333335,1000.0,200.0
-14.205,934.314,674.284,0.0,1000.0,200.0
-595.6,962.944,696.219,-583.3333333333335,1000.0,200.0
-1174.16,961.782,692.162,-1166.666666666667,1000.0,200.0
-1750.713,958.965,689.316,-1750.0,1000.0,200.0
-2327.204,958.604,686.199,-2333.333333333333,1000.0,200.0
-2902.445,960.497,687.826,-2916.666666666667,1000.0,200.0
-3478.739,965.248,692.096,-3500.0,1000.0,200.0
3409.77,713.101,675.042,3500.0,750.0,200.0
2837.484,709.382,671.335,2916.6666666666665,750.0,200.0
2263.058,702.344,674.249,2333.333333333333,750.0,200.0
1689.446,701.195,673.826,1750.0,750.0,200.0
1118.26,694.532,677.518,1166.6666666666665,750.0,200.0
550.129,694.899,675.69,583.3333333333335,750.0,200.0
-13.45,692.576,676.643,0.0,750.0,200.0
-596.489,719.074,699.095,-583.3333333333335,750.0,200.0
-1174.331,716.361,696.268,-1166.666666666667,750.0,200.0
-1751.04,714.548,691.238,-1750.0,750.0,200.0
-2326.452,713.389,688.758,-2333.333333333333,750.0,200.0
-2902.866,715.259,687.098,-2916.666666666667,750.0,200.0
-3477.551,718.33,690.04,-3500.0,750.0,200.0
3411.34,468.183,671.407,3500.0,500.0,200.0
2837.005,463.09,673.354,2916.6666666666665,500.0,200.0
2262.807,461.299,674.07,2333.333333333333,500.0,200.0
1689.524,457.649,677.305,1750.0,500.0,200.0
1118.196,457.926,678.398,1166.6666666666665,500.0,200.0
549.725,454.952,676.851,583.3333333333335,500.0,200.0
-12.408,454.798,675.897,0.0,500.0,200.0
-596.732,472.91,703.725,-583.3333333333335,500.0,200.0
-1175.288,472.175,697.475,-1166.666666666667,500.0,200.0
-1750.078,470.194,693.805,-1750.0,500.0,200.0
-2327.125,470.699,688.437,-2333.333333333333,500.0,200.0
-2901.984,470.938,686.337,-2916.666666666667,500.0,200.0
-3477.271,471.929,687.52,-3500.0,500.0,200.0
3410.344,224.133,674.515,3500.0,250.0,200.0
2837.707,224.674,671.544,2916.6666666666665,250.0,200.0
2263.063,221.455,672.782,2333.333333333333,250.0,200.0
1690.037,222.516,676.328,1750.0,250.0,200.0
1118.413,218.417,679.77,1166.6666666666665,250.0,200.0
549.205,218.22,676.575,583.3333333333335,250.0,200.0
-11.106,215.653,675.51,0.0,250.0,200.0
-597.534,228.091,705.494,-583.3333333333335,250.0,200.0
-1175.141,225.736,699.603,-1166.666666666667,250.0,200.0
-1751.614,226.473,693.12,-1750.0,250.0,200.0
-2325.736,224.845,690.212,-2333.333333333333,250.0,200.0
-2901.305,224.445,686.993,-2916.666666666667,250.0,200.0
-3475.842,224.737,687.221,-3500.0,250.0,200.0
3412.143,-20.346,671.964,3500.0,0.0,200.0
2837.87,-20.301,674.431,2916.6666666666665,0.0,200.0
2263.931,-20.269,676.456,2333.333333333333,0.0,200.0
1690.575,-20.838,679.221,1750.0,0.0,200.0
1117.564,-18.919,678.254,1166.6666666666665,0.0,200.0
549.683,-18.766,677.997,583.3333333333335,0.0,200.0
-12.103,-17.516,672.376,0.0,0.0,200.0
-596.688,-18.632,707.939,-583.3333333333335,0.0,200.0
-1175.914,-17.588,697.857,-1166.666666666667,0.0,200.0
-1750.33,-18.044,694.109,-1750.0,0.0,200.0
-2325.452,-18.207,689.376,-2333.333333333333,0.0,200.0
-2900.122,-19.183,688.302,-2916.666666666667,0.0,200.0
-3477.427,-20.377,685.646,-3500.0,0.0,200.0
3411.539,-262.883,675.494,3500.0,-250.0,200.0
2839.127,-259.588,672.429,2916.6666666666665,-250.0,200.0
2264.308,-258.858,676.162,2333.333333333333,-250.0,200.0
1690.974,-257.538,677.23,1750.0,-250.0,200.0
1119.148,-256.949,680.346,1166.6666666666665,-250.0,200.0
549.703,-253.355,678.625,583.3333333333335,-250.0,200.0
-11.505,-267.307,711.014,0.0,-250.0,200.0
-597.139,-264.781,704.201,-583.3333333333335,-250.0,200.0
-1174.115,-263.741,699.651,-1166.666666666667,-250.0,200.0
-1749.689,-263.182,693.16,-1750.0,-250.0,200.0
-2324.576,-264.413,690.131,-2333.333333333333,-250.0,200.0
-2901.32,-265.505,686.047,-2916.666666666667,-250.0,200.0
-3475.912,-267.727,686.201,-3500.0,-250.0,200.0
3413.612,-507.895,674.601,3500.0,-500.0,200.0
2839.716,-504.547,676.9,2916.6666666666665,-500.0,200.0
2265.929,-501.685,677.102,2333.333333333333,-500.0,200.0
1691.94,-497.789,678.649,1750.0,-500.0,200.0
1120.008,-496.087,679.0,1166.6666666666665,-500.0,200.0
551.904,-493.373,679.048,583.3333333333335,-500.0,200.0
-11.136,-512.518,706.777,0.0,-500.0,200.0
-595.343,-510.18,700.568,-583.3333333333335,-500.0,200.0
-1173.26,-507.437,697.158,-1166.666666666667,-500.0,200.0
-1748.602,-506.106,693.357,-1750.0,-500.0,200.0
-2326.017,-506.016,686.67,-2333.333333333333,-500.0,200.0
-2900.296,-508.684,686.934,-2916.666666666667,-500.0,200.0
-3476.032,-512.854,687.092,-3500.0,-500.0,200.0
3414.416,-750.293,679.768,3500.0,-750.0,200.0
2841.517,-745.237,675.442,2916.6666666666665,-750.0,200.0
2266.708,-741.978,677.108,2333.333333333333,-750.0,200.0
1693.759,-738.89,677.497,1750.0,-750.0,200.0
1121.529,-733.511,676.489,1166.6666666666665,-750.0,200.0
553.89,-731.017,678.217,583.3333333333335,-750.0,200.0
-9.857,-758.217,704.801,0.0,-750.0,200.0
-593.109,-754.283,700.022,-583.3333333333335,-750.0,200.0
-1171.577,-752.225,696.153,-1166.666666666667,-750.0,200.0
-1748.707,-750.96,689.36,-1750.0,-750.0,200.0
-2323.7,-751.747,683.331,-2333.333333333333,-750.0,200.0
-2900.726,-754.927,685.763,-2916.666666666667,-750.0,200.0
-3476.02,-760.029,689.384,-3500.0,-750.0,200.0
3416.799,-995.566,680.452,3500.0,-1000.0,200.0
2842.1,-987.644,676.241,2916.6666666666665,-1000.0,200.0
2268.19,-981.604,674.77,2333.333333333333,-1000.0,200.0
1695.231,-978.61,677.611,1750.0,-1000.0,200.0
1123.232,-974.632,676.822,1166.6666666666665,-1000.0,200.0
555.428,-970.795,678.05,583.3333333333335,-1000.0,200.0
-10.706,-998.154,696.79,0.0,-1000.0,200.0
-591.108,-997.613,697.083,-583.3333333333335,-1000.0,200.0
-1169.918,-993.932,703.229,-1166.666666666667,-1000.0,200.0
-1746.263,-992.243,688.261,-1750.0,-1000.0,200.0
-2323.966,-993.353,683.304,-2333.333333333333,-1000.0,200.0
-2899.668,-995.893,685.928,-2916.666666666667,-1000.0,200.0
-3476.522,-1004.154,689.623,-3500.0,-1000.0,200.0
3417.549,-1236.64,685.384,3500.0,-1250.0,200.0
2844.559,-1227.567,678.209,2916.6666666666665,-1250.0,200.0
2269.481,-1220.411,674.048,2333.333333333333,-1250.0,200.0
1696.785,-1216.372,673.322,1750.0,-1250.0,200.0
1125.725,-1212.898,676.161,1166.6666666666665,-1250.0,200.0
571.548,-1238.983,691.36,583.3333333333335,-1250.0,200.0
-9.487,-1239.562,693.845,0.0,-1250.0,200.0
-588.984,-1239.287,692.529,-583.3333333333335,-1250.0,200.0
-1167.272,-1236.775,689.775,-1166.666666666667,-1250.0,200.0
-1746.105,-1235.357,682.585,-1750.0,-1250.0,200.0
-2321.867,-1236.421,683.068,-2333.333333333333,-1250.0,200.0
-2898.895,-1241.787,684.298,-2916.666666666667,-1250.0,200.0
-3475.5,-1249.079,693.772,-3500.0,-1250.0,200.0
3421.483,-1479.906,688.9,3500.0,-1500.0,200.0
2846.17,-1466.022,679.136,2916.6666666666665,-1500.0,200.0
2271.218,-1462.016,673.044,2333.333333333333,-1500.0,200.0
1698.142,-1454.562,673.206,1750.0,-1500.0,200.0
1127.515,-1452.301,673.012,1166.6666666666665,-1500.0,200.0
572.097,-1477.267,689.757,583.3333333333335,-1500.0,200.0
-8.267,-1479.352,688.689,0.0,-1500.0,200.0
-587.671,-1476.733,688.335,-583.3333333333335,-1500.0,200.0
-1167.594,-1475.657,681.223,-1166.666666666667,-1500.0,200.0
-1744.987,-1472.444,679.39,-1750.0,-1500.0,200.0
-2321.034,-1476.358,678.198,-2333.333333333333,-1500.0,200.0
-2898.083,-1478.847,683.034,-2916.666666666667,-1500.0,200.0
-3477.178,-1491.559,693.105,-3500.0,-1500.0,200.0
3412.192,1446.455,887.931,3500.0,1500.0,400.0
2836.05,1433.056,882.066,2916.6666666666665,1500.0,400.0
2262.811,1431.183,881.413,2333.333333333333,1500.0,400.0
1691.612,1421.544,885.161,1750.0,1500.0,400.0
1121.619,1423.011,886.636,1166.6666666666665,1500.0,400.0
553.718,1416.7,886.872,583.3333333333335,1500.0,400.0
-12.479,1418.682,887.04,0.0,1500.0,400.0
-591.254,1446.174,904.665,-583.3333333333335,1500.0,400.0
-1169.537,1445.445,900.229,-1166.666666666667,1500.0,400.0
-1746.092,1439.455,890.003,-1750.0,1500.0,400.0
-2321.926,1441.048,890.781,-2333.333333333333,1500.0,400.0
-2898.702,1440.411,891.522,-2916.666666666667,1500.0,400.0
-3476.105,1449.453,899.175,-3500.0,1500.0,400.0
3408.165,1194.901,879.862,3500.0,1250.0,400.0
2835.672,1188.728,872.58,2916.6666666666665,1250.0,400.0
2261.159,1182.103,874.869,2333.333333333333,1250.0,400.0
1688.956,1178.765,876.567,1750.0,1250.0,400.0
1118.907,1175.443,880.633,1166.6666666666665,1250.0,400.0
550.611,1176.654,880.553,583.3333333333335,1250.0,400.0
-14.314,1173.81,883.498,0.0,1250.0,400.0
-594.252,1205.719,903.43,-583.3333333333335,1250.0,400.0
-1172.307,1201.388,900.508,-1166.666666666667,1250.0,400.0
-1748.47,1200.687,896.316,-1750.0,1250.0,400.0
-2323.438,1198.573,892.761,-2333.333333333333,1250.0,400.0
-2898.256,1199.936,892.437,-2916.666666666667,1250.0,400.0
-3474.914,1205.107,897.266,-3500.0,1250.0,400.0
3409.713,951.913,875.403,3500.0,1000.0,400.0
2834.747,942.579,876.206,2916.6666666666665,1000.0,400.0
2261.023,942.377,875.73,2333.333333333333,1000.0,400.0
1688.956,934.985,880.824,1750.0,1000.0,400.0
1118.441,937.418,882.771,1166.6666666666665,1000.0,400.0
551.176,933.375,883.875,583.3333333333335,1000.0,400.0
-14.209,936.016,883.599,0.0,1000.0,400.0
-593.873,960.274,908.735,-583.3333333333335,1000.0,400.0
-1173.266,960.438,903.798,-1166.666666666667,1000.0,400.0
-1748.884,956.536,898.07,-1750.0,1000.0,400.0
-2324.528,956.272,893.74,-2333.333333333333,1000.0,400.0
-2899.162,957.204,892.731,-2916.666666666667,1000.0,400.0
-3475.006,961.055,894.532,-3500.0,1000.0,400.0
3407.759,708.988,875.657,3500.0,750.0,400.0
2835.457,704.482,874.606,2916.6666666666665,750.0,400.0
2261.146,700.2,878.436,2333.333333333333,750.0,400.0
1689.124,699.161,881.53,1750.0,750.0,400.0
1118.46,696.214,883.877,1166.6666666666665,750.0,400.0
550.584,697.452,883.604,583.3333333333335,750.0,400.0
-13.18,693.403,884.318,0.0,750.0,400.0
-595.382,719.01,911.256,-583.3333333333335,750.0,400.0
-1172.925,714.579,907.612,-1166.666666666667,750.0,400.0
-1749.27,713.283,900.436,-1750.0,750.0,400.0
-2323.862,711.408,896.027,-2333.333333333333,750.0,400.0
-2899.144,712.524,892.617,-2916.666666666667,750.0,400.0
-3474.116,713.891,892.88,-3500.0,750.0,400.0
3409.253,465.911,873.233,3500.0,500.0,400.0
2835.343,461.135,876.735,2916.6666666666665,500.0,400.0
2261.612,461.705,879.089,2333.333333333333,500.0,400.0
1689.636,457.318,884.962,1750.0,500.0,400.0
1118.32,457.584,886.735,1166.6666666666665,500.0,400.0
551.315,456.244,886.945,583.3333333333335,500.0,400.0
-12.858,457.007,884.005,0.0,500.0,400.0
-594.763,472.06,916.249,-583.3333333333335,500.0,400.0
-1172.714,471.181,909.958,-1166.666666666667,500.0,400.0
-1747.881,469.115,904.061,-1750.0,500.0,400.0
-2324.281,469.128,896.833,-2333.333333333333,500.0,400.0
-2898.922,468.658,892.415,-2916.666666666667,500.0,400.0
-3473.404,469.618,891.106,-3500.0,500.0,400.0
3408.244,223.387,874.651,3500.0,250.0,400.0
2836.192,222.24,876.376,2916.6666666666665,250.0,400.0
2262.249,220.998,880.838,2333.333333333333,250.0,400.0
1689.722,220.314,884.546,1750.0,250.0,400.0
1118.377,221.385,886.284,1166.6666666666665,250.0,400.0
550.747,219.192,885.845,583.3333333333335,250.0,400.0
-12.093,219.24,884.841,0.0,250.0,400.0
-594.916,226.492,918.645,-583.3333333333335,250.0,400.0
-1172.295,225.024,913.051,-1166.666666666667,250.0,400.0
-1748.27,225.698,904.19,-1750.0,250.0,400.0
-2323.325,224.514,898.627,-2333.333333333333,250.0,400.0
-2899.241,223.802,892.623,-2916.666666666667,250.0,400.0
-3472.816,223.531,890.655,-3500.0,250.0,400.0
3410.009,-19.653,873.952,3500.0,0.0,400.0
2835.77,-19.726,876.665,2916.6666666666665,0.0,400.0
2262.148,-18.781,880.421,2333.333333333333,0.0,400.0
1690.567,-21.867,887.044,1750.0,0.0,400.0
1118.782,-19.668,887.914,1166.6666666666665,0.0,400.0
550.49,-17.991,886.096,583.3333333333335,0.0,400.0
-11.088,-18.383,886.365,0.0,0.0,400.0
-593.905,-20.042,921.185,-583.3333333333335,0.0,400.0
-1173.068,-18.056,910.863,-1166.666666666667,0.0,400.0
-1747.682,-17.892,905.288,-1750.0,0.0,400.0
-2323.522,-18.276,901.876,-2333.333333333333,0.0,400.0
-2897.722,-19.319,893.274,-2916.666666666667,0.0,400.0
-3474.099,-20.25,889.695,-3500.0,0.0,400.0
3409.323,-261.767,874.282,3500.0,-250.0,400.0
2837.626,-260.108,877.661,2916.6666666666665,-250.0,400.0
2263.807,-258.888,882.896,2333.333333333333,-250.0,400.0
1690.612,-257.614,884.788,1750.0,-250.0,400.0
1119.61,-258.256,888.465,1166.6666666666665,-250.0,400.0
552.044,-255.439,889.319,583.3333333333335,-250.0,400.0
-11.654,-265.69,922.04,0.0,-250.0,400.0
-594.373,-263.457,917.14,-583.3333333333335,-250.0,400.0
-1171.818,-263.769,911.609,-1166.666666666667,-250.0,400.0
-1747.947,-262.526,903.563,-1750.0,-250.0,400.0
-2321.575,-263.26,899.055,-2333.333333333333,-250.0,400.0
-2897.914,-264.108,892.272,-2916.666666666667,-250.0,400.0
-3472.753,-266.699,888.434,-3500.0,-250.0,400.0
3411.967,-505.358,877.035,3500.0,-500.0,400.0
2838.316,-504.85,881.208,2916.6666666666665,-500.0,400.0
2263.964,-500.056,881.329,2333.333333333333,-500.0,400.0
1691.762,-499.233,886.675,1750.0,-500.0,400.0
1120.455,-494.871,887.184,1166.6666666666665,-500.0,400.0
553.14,-494.518,887.935,583.3333333333335,-500.0,400.0
-11.698,-508.739,921.204,0.0,-500.0,400.0
-592.837,-509.26,916.683,-583.3333333333335,-500.0,400.0
-1170.656,-506.253,910.116,-1166.666666666667,-500.0,400.0
-1745.724,-505.425,904.302,-1750.0,-500.0,400.0
-2323.286,-505.099,895.009,-2333.333333333333,-500.0,400.0
-2897.546,-506.659,892.546,-2916.666666666667,-500.0,400.0
-3473.161,-509.989,890.44,-3500.0,-500.0,400.0
3412.544,-746.102,878.354,3500.0,-750.0,400.0
2839.676,-742.395,878.054,2916.6666666666665,-750.0,400.0
2265.414,-737.832,880.635,2333.333333333333,-750.0,400.0
1692.698,-736.291,883.325,1750.0,-750.0,400.0
1122.212,-734.963,887.394,1166.6666666666665,-750.0,400.0
553.944,-730.868,879.893,583.3333333333335,-750.0,400.0
-10.662,-754.007,915.58,0.0,-750.0,400.0
-591.066,-753.549,913.484,-583.3333333333335,-750.0,400.0
-1169.517,-751.218,906.638,-1166.666666666667,-750.0,400.0
-1746.512,-748.572,900.333,-1750.0,-750.0,400.0
-2321.512,-749.193,893.326,-2333.333333333333,-750.0,400.0
-2897.362,-751.727,892.896,-2916.666666666667,-750.0,400.0
-3472.235,-756.494,892.366,-3500.0,-750.0,400.0
3414.789,-991.905,881.524,3500.0,-1000.0,400.0
2840.824,-985.319,880.171,2916.6666666666665,-1000.0,400.0
2267.024,-981.223,880.626,2333.333333333333,-1000.0,400.0
1693.88,-976.475,882.196,1750.0,-1000.0,400.0
1123.87,-974.417,886.073,1166.6666666666665,-1000.0,400.0
555.148,-969.885,884.533,583.3333333333335,-1000.0,400.0
-9.579,-997.431,911.649,0.0,-1000.0,400.0
-589.988,-995.015,909.525,-583.3333333333335,-1000.0,400.0
-1169.24,-991.582,900.993,-1166.666666666667,-1000.0,400.0
-1744.95,-990.825,896.79,-1750.0,-1000.0,400.0
-2320.162,-990.578,891.524,-2333.333333333333,-1000.0,400.0
-2895.836,-992.532,890.948,-2916.666666666667,-1000.0,400.0
-3473.967,-999.351,891.515,-3500.0,-1000.0,400.0
3415.883,-1232.383,886.486,3500.0,-1250.0,400.0
2842.414,-1224.378,878.252,2916.6666666666665,-1250.0,400.0
2268.491,-1218.934,879.339,2333.333333333333,-1250.0,400.0
1696.073,-1215.171,879.612,1750.0,-1250.0,400.0
1125.337,-1212.12,883.11,1166.6666666666665,-1250.0,400.0
570.658,-1238.006,906.099,583.3333333333335,-1250.0,400.0
-8.723,-1237.976,907.229,0.0,-1250.0,400.0
-589.171,-1237.484,902.516,-583.3333333333335,-1250.0,400.0
-1167.266,-1234.267,897.765,-1166.666666666667,-1250.0,400.0
-1742.777,-1233.478,893.386,-1750.0,-1250.0,400.0
-2319.096,-1232.894,889.949,-2333.333333333333,-1250.0,400.0
-2895.831,-1237.702,887.635,-2916.666666666667,-1250.0,400.0
-3470.902,-1243.989,895.543,-3500.0,-1250.0,400.0
3418.513,-1474.934,886.547,3500.0,-1500.0,400.0
2843.514,-1464.147,879.73,2916.6666666666665,-1500.0,400.0
2269.462,-1458.81,876.811,2333.333333333333,-1500.0,400.0
1697.565,-1453.926,879.2,1750.0,-1500.0,400.0
1126.608,-1449.669,878.396,1166.6666666666665,-1500.0,400.0
570.778,-1477.014,900.152,583.3333333333335,-1500.0,400.0
-7.999,-1478.363,900.569,0.0,-1500.0,400.0
-587.098,-1474.059,899.344,-583.3333333333335,-1500.0,400.0
-1165.548,-1473.518,891.777,-1166.666666666667,-1500.0,400.0
-1741.29,-1469.537,889.33,-1750.0,-1500.0,400.0
-2318.165,-1472.858,884.172,-2333.333333333333,-1500.0,400.0
-2894.616,-1474.777,886.266,-2916.666666666667,-1500.0,400.0
-3474.996,-1485.668,893.1,-3500.0,-1500.0,400.0
3408.886,1438.527,1088.075,3500.0,1500.0,600.0
2833.843,1426.977,1085.078,2916.6666666666665,1500.0,600.0
2260.861,1426.792,1087.502,2333.333333333333,1500.0,600.0
1690.835,1421.512,1093.987,1750.0,1500.0,600.0
1121.07,1423.366,1096.913,1166.6666666666665,1500.0,600.0
554.398,1416.171,1099.364,583.3333333333335,1500.0,600.0
-12.381,1418.498,1098.47,0.0,1500.0,600.0
-590.374,1444.304,1118.479,-583.3333333333335,1500.0,600.0
-1167.859,1443.177,1113.73,-1166.666666666667,1500.0,600.0
-1743.39,1438.437,1106.67,-1750.0,1500.0,600.0
-2319.276,1437.261,1098.873,-2333.333333333333,1500.0,600.0
-2895.694,1437.048,1095.725,-2916.666666666667,1500.0,600.0
-3472.447,1443.905,1100.319,-3500.0,1500.0,600.0
3405.283,1190.409,1079.238,3500.0,1250.0,600.0
2833.098,1183.639,1076.29,2916.6666666666665,1250.0,600.0
2259.413,1177.343,1080.843,2333.333333333333,1250.0,600.0
1688.366,1178.354,1085.649,1750.0,1250.0,600.0
1118.492,1174.538,1090.303,1166.6666666666665,1250.0,600.0
551.758,1175.785,1092.766,583.3333333333335,1250.0,600.0
-14.204,1172.279,1096.128,0.0,1250.0,600.0
-593.184,1202.919,1119.641,-583.3333333333335,1250.0,600.0
-1169.901,1198.831,1114.522,-1166.666666666667,1250.0,600.0
-1745.901,1198.142,1107.819,-1750.0,1250.0,600.0
-2320.727,1195.14,1101.409,-2333.333333333333,1250.0,600.0
-2895.476,1195.863,1097.762,-2916.666666666667,1250.0,600.0
-3471.674,1199.356,1099.836,-3500.0,1250.0,600.0
3406.821,948.976,1075.951,3500.0,1000.0,600.0
2832.32,940.727,1079.515,2916.6666666666665,1000.0,600.0
2259.698,938.914,1083.792,2333.333333333333,1000.0,600.0
1688.577,936.087,1089.317,1750.0,1000.0,600.0
1118.5,937.424,1092.593,1166.6666666666665,1000.0,600.0
551.981,932.824,1096.237,583.3333333333335,1000.0,600.0
-13.456,936.198,1097.389,0.0,1000.0,600.0
-592.64,957.077,1123.511,-583.3333333333335,1000.0,600.0
-1171.115,957.976,1116.222,-1166.666666666667,1000.0,600.0
-1746.462,954.963,1110.823,-1750.0,1000.0,600.0
-2321.648,953.79,1103.704,-2333.333333333333,1000.0,600.0
-2896.386,953.261,1098.844,-2916.666666666667,1000.0,600.0
-3471.514,955.946,1097.793,-3500.0,1000.0,600.0
3404.937,706.761,1078.232,3500.0,750.0,600.0
2833.453,703.991,1079.1,2916.6666666666665,750.0,600.0
2260.579,697.42,1087.708,2333.333333333333,750.0,600.0
1688.409,699.703,1090.193,1750.0,750.0,600.0
1119.057,697.028,1093.52,1166.6666666666665,750.0,600.0
551.14,697.049,1096.494,583.3333333333335,750.0,600.0
-12.704,695.393,1098.533,0.0,750.0,600.0
-593.407,716.152,1126.89,-583.3333333333335,750.0,600.0
-1171.183,713.071,1121.524,-1166.666666666667,750.0,600.0
-1747.53,712.004,1112.58,-1750.0,750.0,600.0
-2321.603,709.994,1106.33,-2333.333333333333,750.0,600.0
-2895.653,709.749,1100.355,-2916.666666666667,750.0,600.0
-3470.533,710.684,1097.423,-3500.0,750.0,600.0
3406.737,464.929,1074.764,3500.0,500.0,600.0
2833.537,459.859,1082.093,2916.6666666666665,500.0,600.0
2260.557,458.654,1087.941,2333.333333333333,500.0,600.0
1689.198,457.764,1094.045,1750.0,500.0,600.0
1118.496,460.067,1097.658,1166.6666666666665,500.0,600.0
551.828,456.392,1099.11,583.3333333333335,500.0,600.0
-13.03,458.54,1098.105,0.0,500.0,600.0
-592.502,470.803,1132.179,-583.3333333333335,500.0,600.0
-1171.575,470.896,1123.745,-1166.666666666667,500.0,600.0
-1746.458,468.213,1116.224,-1750.0,500.0,600.0
-2321.466,467.708,1107.481,-2333.333333333333,500.0,600.0
-2895.235,466.735,1101.612,-2916.666666666667,500.0,600.0
-3470.312,466.84,1096.084,-3500.0,500.0,600.0
3406.809,223.053,1078.189,3500.0,250.0,600.0
2834.273,223.121,1080.942,2916.6666666666665,250.0,600.0
2261.833,219.28,1090.878,2333.333333333333,250.0,600.0
1689.476,221.336,1094.495,1750.0,250.0,600.0
1119.053,219.125,1083.402,1166.6666666666665,250.0,600.0
551.566,221.797,1098.887,583.3333333333335,250.0,600.0
-11.631,217.949,1099.731,0.0,250.0,600.0
-593.591,227.164,1132.866,-583.3333333333335,250.0,600.0
-1170.616,225.335,1126.171,-1166.666666666667,250.0,600.0
-1746.048,224.876,1117.704,-1750.0,250.0,600.0
-2320.742,223.344,1109.548,-2333.333333333333,250.0,600.0
-2896.464,222.882,1100.74,-2916.666666666667,250.0,600.0
-3469.681,222.216,1096.274,-3500.0,250.0,600.0
3407.851,-19.45,1076.616,3500.0,0.0,600.0
2834.549,-20.422,1078.138,2916.6666666666665,0.0,600.0
2261.642,-20.411,1090.361,2333.333333333333,0.0,600.0
1689.602,-19.887,1096.213,1750.0,0.0,600.0
1119.264,-18.011,1099.328,1166.6666666666665,0.0,600.0
552.422,-19.592,1101.45,583.3333333333335,0.0,600.0
-11.452,-17.579,1098.749,0.0,0.0,600.0
-593.077,-18.333,1133.885,-583.3333333333335,0.0,600.0
-1170.389,-17.921,1126.947,-1166.666666666667,0.0,600.0
-1745.133,-18.29,1120.022,-1750.0,0.0,600.0
-2321.781,-17.856,1111.954,-2333.333333333333,0.0,600.0
-2895.588,-19.168,1096.529,-2916.666666666667,0.0,600.0
-3470.646,-20.4,1095.005,-3500.0,0.0,600.0
3408.099,-259.661,1079.732,3500.0,-250.0,600.0
2835.645,-257.481,1081.881,2916.6666666666665,-250.0,600.0
2262.82,-260.013,1092.04,2333.333333333333,-250.0,600.0
1690.817,-257.844,1096.58,1750.0,-250.0,600.0
1120.102,-256.494,1099.186,1166.6666666666665,-250.0,600.0
552.996,-255.998,1101.006,583.3333333333335,-250.0,600.0
-11.854,-263.065,1136.317,0.0,-250.0,600.0
-591.957,-263.47,1135.944,-583.3333333333335,-250.0,600.0
-1169.794,-263.403,1126.739,-1166.666666666667,-250.0,600.0
-1746.087,-261.44,1116.78,-1750.0,-250.0,600.0
-2319.861,-262.324,1109.195,-2333.333333333333,-250.0,600.0
-2895.295,-262.947,1100.422,-2916.666666666667,-250.0,600.0
-3470.086,-264.929,1095.817,-3500.0,-250.0,600.0
3409.867,-502.628,1078.561,3500.0,-500.0,600.0
2836.4,-500.979,1084.061,2916.6666666666665,-500.0,600.0
2263.241,-498.768,1089.48,2333.333333333333,-500.0,600.0
1691.513,-499.587,1097.508,1750.0,-500.0,600.0
1120.979,-496.381,1100.169,1166.6666666666665,-500.0,600.0
554.541,-494.686,1102.519,583.3333333333335,-500.0,600.0
-11.012,-508.883,1135.26,0.0,-500.0,600.0
-590.55,-507.452,1132.804,-583.3333333333335,-500.0,600.0
-1169.611,-504.421,1122.796,-1166.666666666667,-500.0,600.0
-1745.383,-503.59,1114.633,-1750.0,-500.0,600.0
-2319.979,-503.338,1106.857,-2333.333333333333,-500.0,600.0
-2894.508,-504.574,1100.567,-2916.666666666667,-500.0,600.0
-3470.65,-507.634,1094.975,-3500.0,-500.0,600.0
3411.145,-743.407,1082.132,3500.0,-750.0,600.0
2838.024,-739.206,1083.54,2916.6666666666665,-750.0,600.0
2264.528,-737.882,1089.528,2333.333333333333,-750.0,600.0
1692.507,-734.882,1093.618,1750.0,-750.0,600.0
1122.537,-733.728,1098.669,1166.6666666666665,-750.0,600.0
554.713,-731.813,1097.895,583.3333333333335,-750.0,600.0
-9.964,-752.282,1132.208,0.0,-750.0,600.0
-590.553,-751.51,1127.425,-583.3333333333335,-750.0,600.0
-1168.393,-748.209,1120.527,-1166.666666666667,-750.0,600.0
-1743.523,-747.5,1124.31,-1750.0,-750.0,600.0
-2318.921,-747.503,1106.014,-2333.333333333333,-750.0,600.0
-2894.544,-748.922,1101.073,-2916.666666666667,-750.0,600.0
-3468.678,-751.825,1097.233,-3500.0,-750.0,600.0
3412.438,-985.264,1081.573,3500.0,-1000.0,600.0
2838.335,-980.528,1082.568,2916.6666666666665,-1000.0,600.0
2265.305,-978.332,1086.525,2333.333333333333,-1000.0,600.0
1693.946,-976.984,1093.316,1750.0,-1000.0,600.0
1123.219,-973.069,1094.649,1166.6666666666665,-1000.0,600.0
556.428,-970.969,1098.745,583.3333333333335,-1000.0,600.0
-9.775,-995.493,1127.072,0.0,-1000.0,600.0
-589.044,-992.995,1113.072,-583.3333333333335,-1000.0,600.0
-1166.774,-990.409,1116.165,-1166.666666666667,-1000.0,600.0
-1742.07,-988.784,1109.586,-1750.0,-1000.0,600.0
-2317.932,-987.686,1101.15,-2333.333333333333,-1000.0,600.0
-2892.208,-989.61,1097.364,-2916.666666666667,-1000.0,600.0
-3471.397,-994.675,1094.426,-3500.0,-1000.0,600.0
3414.131,-1226.343,1085.758,3500.0,-1250.0,600.0
2840.475,-1219.642,1081.928,2916.6666666666665,-1250.0,600.0
2266.912,-1214.57,1083.716,2333.333333333333,-1250.0,600.0
1695.862,-1213.591,1089.442,1750.0,-1250.0,600.0
1124.936,-1210.323,1092.381,1166.6666666666665,-1250.0,600.0
570.097,-1237.241,1120.947,583.3333333333335,-1250.0,600.0
-9.104,-1236.139,1121.149,0.0,-1250.0,600.0
-588.308,-1235.223,1116.232,-583.3333333333335,-1250.0,600.0
-1164.884,-1232.612,1113.33,-1166.666666666667,-1250.0,600.0
-1740.523,-1231.334,1105.016,-1750.0,-1250.0,600.0
-2316.945,-1230.275,1098.204,-2333.333333333333,-1250.0,600.0
-2894.129,-1232.835,1091.97,-2916.666666666667,-1250.0,600.0
-3468.043,-1239.124,1097.236,-3500.0,-1250.0,600.0
3415.909,-1469.491,1087.419,3500.0,-1500.0,600.0
2841.264,-1460.612,1081.834,2916.6666666666665,-1500.0,600.0
2267.751,-1456.508,1081.425,2333.333333333333,-1500.0,600.0
1696.451,-1452.065,1086.621,1750.0,-1500.0,600.0
1126.536,-1450.048,1088.777,1166.6666666666665,-1500.0,600.0
570.426,-1475.704,1115.285,583.3333333333335,-1500.0,600.0
-8.828,-1475.673,1113.033,0.0,-1500.0,600.0
-586.606,-1472.261,1111.243,-583.3333333333335,-1500.0,600.0
-1163.248,-1471.377,1106.462,-1166.666666666667,-1500.0,600.0
-1739.14,-1468.375,1099.822,-1750.0,-1500.0,600.0
-2316.59,-1469.602,1090.585,-2333.333333333333,-1500.0,600.0
-2891.004,-1470.26,1090.797,-2916.666666666667,-1500.0,600.0
-3470.945,-1478.949,1093.98,-3500.0,-1500.0,600.0
3405.362,1433.465,1288.584,3500.0,1500.0,800.0
2831.587,1424.113,1289.775,2916.6666666666665,1500.0,800.0
2259.719,1422.589,1297.259,2333.333333333333,1500.0,800.0
1690.001,1420.305,1305.383,1750.0,1500.0,800.0
1121.575,1420.448,1318.505,1166.6666666666665,1500.0,800.0
554.501,1416.325,1314.817,583.3333333333335,1500.0,800.0
-12.24,1418.128,1314.596,0.0,1500.0,800.0
-589.213,1443.874,1337.993,-583.3333333333335,1500.0,800.0
-1166.041,1441.67,1331.35,-1166.666666666667,1500.0,800.0
-1741.451,1437.101,1320.46,-1750.0,1500.0,800.0
-2317.064,1434.435,1308.572,-2333.333333333333,1500.0,800.0
-2892.396,1432.916,1301.499,-2916.666666666667,1500.0,800.0
-3468.22,1437.11,1302.797,-3500.0,1500.0,800.0
3403.561,1185.872,1281.448,3500.0,1250.0,800.0
2830.918,1181.99,1281.593,2916.6666666666665,1250.0,800.0
2258.47,1175.079,1290.936,2333.333333333333,1250.0,800.0
1687.63,1177.993,1297.135,1750.0,1250.0,800.0
1119.175,1172.473,1306.38,1166.6666666666665,1250.0,800.0
552.268,1175.731,1309.533,583.3333333333335,1250.0,800.0
-14.376,1173.993,1310.846,0.0,1250.0,800.0
-591.966,1201.192,1337.804,-583.3333333333335,1250.0,800.0
-1168.358,1197.988,1332.558,-1166.666666666667,1250.0,800.0
-1743.504,1195.51,1325.046,-1750.0,1250.0,800.0
-2318.404,1191.719,1313.314,-2333.333333333333,1250.0,800.0
-2892.541,1191.358,1305.486,-2916.666666666667,1250.0,800.0
-3468.146,1193.327,1303.8,-3500.0,1250.0,800.0
3404.285,944.347,1279.669,3500.0,1000.0,800.0
2830.764,938.298,1286.701,2916.6666666666665,1000.0,800.0
2258.396,936.725,1294.349,2333.333333333333,1000.0,800.0
1688.386,935.108,1303.489,1750.0,1000.0,800.0
1119.062,935.346,1309.107,1166.6666666666665,1000.0,800.0
552.855,934.298,1313.557,583.3333333333335,1000.0,800.0
-13.332,935.652,1314.628,0.0,1000.0,800.0
-591.557,955.725,1342.4,-583.3333333333335,1000.0,800.0
-1169.117,956.082,1336.011,-1166.666666666667,1000.0,800.0
-1743.879,953.025,1327.384,-1750.0,1000.0,800.0
-2319.324,951.052,1316.254,-2333.333333333333,1000.0,800.0
-2893.865,949.757,1307.507,-2916.666666666667,1000.0,800.0
-3468.438,950.761,1302.898,-3500.0,1000.0,800.0
3402.681,700.689,1283.163,3500.0,750.0,800.0
2831.551,701.253,1286.686,2916.6666666666665,750.0,800.0
2259.221,697.444,1297.345,2333.333333333333,750.0,800.0
1688.475,699.091,1304.735,1750.0,750.0,800.0
1119.446,694.764,1312.241,1166.6666666666665,750.0,800.0
552.417,696.702,1314.807,583.3333333333335,750.0,800.0
-12.379,695.051,1318.335,0.0,750.0,800.0
-591.958,714.024,1346.579,-583.3333333333335,750.0,800.0
-1168.999,711.175,1340.603,-1166.666666666667,750.0,800.0
-1745.371,710.64,1329.617,-1750.0,750.0,800.0
-2319.27,707.838,1319.865,-2333.333333333333,750.0,800.0
-2893.012,706.465,1310.242,-2916.666666666667,750.0,800.0
-3467.352,706.625,1303.611,-3500.0,750.0,800.0
3404.912,461.454,1281.564,3500.0,500.0,800.0
2831.89,458.091,1291.452,2916.6666666666665,500.0,800.0
2259.754,459.321,1299.023,2333.333333333333,500.0,800.0
1689.131,456.889,1308.256,1750.0,500.0,800.0
1119.481,458.24,1313.407,1166.6666666666665,500.0,800.0
552.864,455.665,1318.459,583.3333333333335,500.0,800.0
-12.025,458.401,1318.908,0.0,500.0,800.0
-591.115,469.122,1351.835,-583.3333333333335,500.0,800.0
-1169.85,469.969,1342.637,-1166.666666666667,500.0,800.0
-1744.124,467.51,1333.424,-1750.0,500.0,800.0
-2319.059,466.458,1322.07,-2333.333333333333,500.0,800.0
-2892.464,464.724,1312.036,-2916.666666666667,500.0,800.0
-3467.269,464.313,1303.452,-3500.0,500.0,800.0
3404.488,222.749,1282.029,3500.0,250.0,800.0
2833.172,220.625,1291.254,2916.6666666666665,250.0,800.0
2260.74,219.85,1301.005,2333.333333333333,250.0,800.0
1689.269,221.366,1308.604,1750.0,250.0,800.0
1119.862,220.066,1315.642,1166.6666666666665,250.0,800.0
552.877,219.892,1318.521,583.3333333333335,250.0,800.0
-11.712,218.951,1318.909,0.0,250.0,800.0
-591.775,226.782,1353.114,-583.3333333333335,250.0,800.0
-1168.66,224.792,1346.391,-1166.666666666667,250.0,800.0
-1744.166,224.069,1334.879,-1750.0,250.0,800.0
-2317.928,222.577,1324.756,-2333.333333333333,250.0,800.0
-2893.289,222.188,1312.267,-2916.666666666667,250.0,800.0
-3466.96,220.728,1304.158,-3500.0,250.0,800.0
3406.369,-19.872,1283.559,3500.0,0.0,800.0
2833.718,-21.595,1294.694,2916.6666666666665,0.0,800.0
2260.849,-18.965,1302.034,2333.333333333333,0.0,800.0
1690.083,-20.097,1313.168,1750.0,0.0,800.0
1119.687,-18.62,1316.152,1166.6666666666665,0.0,800.0
553.729,-18.725,1321.146,583.3333333333335,0.0,800.0
-12.229,-18.122,1359.025,0.0,0.0,800.0
-590.757,-18.968,1354.918,-583.3333333333335,0.0,800.0
-1167.952,-17.964,1348.423,-1166.666666666667,0.0,800.0
-1742.674,-18.429,1336.775,-1750.0,0.0,800.0
-2319.346,-17.959,1324.289,-2333.333333333333,0.0,800.0
-2893.122,-18.965,1310.858,-2916.666666666667,0.0,800.0
-3467.039,-20.302,1303.536,-3500.0,0.0,800.0
3406.471,-258.142,1283.938,3500.0,-250.0,800.0
2834.449,-257.98,1292.362,2916.6666666666665,-250.0,800.0
2261.621,-257.777,1302.236,2333.333333333333,-250.0,800.0
1690.102,-256.351,1309.405,1750.0,-250.0,800.0
1121.104,-257.094,1317.828,1166.6666666666665,-250.0,800.0
553.332,-254.828,1317.641,583.3333333333335,-250.0,800.0
-11.038,-262.929,1358.434,0.0,-250.0,800.0
-590.306,-263.275,1355.434,-583.3333333333335,-250.0,800.0
-1167.352,-262.503,1346.807,-1166.666666666667,-250.0,800.0
-1743.168,-260.932,1364.165,-1750.0,-250.0,800.0
-2317.787,-261.426,1323.648,-2333.333333333333,-250.0,800.0
-2892.44,-261.933,1311.866,-2916.666666666667,-250.0,800.0
-3466.512,-263.582,1303.992,-3500.0,-250.0,800.0
3408.059,-500.402,1284.524,3500.0,-500.0,800.0
2834.982,-498.729,1293.322,2916.6666666666665,-500.0,800.0
2262.558,-497.871,1305.121,2333.333333333333,-500.0,800.0
1691.529,-496.906,1311.166,1750.0,-500.0,800.0
1121.153,-495.98,1315.832,1166.6666666666665,-500.0,800.0
554.623,-494.094,1319.018,583.3333333333335,-500.0,800.0
-10.585,-507.401,1359.32,0.0,-500.0,800.0
-589.724,-505.925,1348.717,-583.3333333333335,-500.0,800.0
-1167.784,-503.653,1341.838,-1166.666666666667,-500.0,800.0
-1742.462,-502.967,1333.144,-1750.0,-500.0,800.0
-2316.936,-501.901,1321.786,-2333.333333333333,-500.0,800.0
-2891.669,-502.624,1311.667,-2916.666666666667,-500.0,800.0
-3468.648,-504.839,1301.748,-3500.0,-500.0,800.0
3408.716,-738.279,1284.707,3500.0,-750.0,800.0
2836.194,-736.492,1290.211,2916.6666666666665,-750.0,800.0
2263.225,-735.344,1298.743,2333.333333333333,-750.0,800.0
1692.528,-735.47,1308.622,1750.0,-750.0,800.0
1122.546,-733.008,1313.338,1166.6666666666665,-750.0,800.0
555.654,-732.822,1317.459,583.3333333333335,-750.0,800.0
-10.294,-750.61,1351.304,0.0,-750.0,800.0
-589.42,-749.283,1346.0,-583.3333333333335,-750.0,800.0
-1165.94,-748.18,1340.712,-1166.666666666667,-750.0,800.0
-1741.421,-746.024,1342.995,-1750.0,-750.0,800.0
-2316.724,-745.646,1318.961,-2333.333333333333,-750.0,800.0
-2892.559,-745.994,1307.569,-2916.666666666667,-750.0,800.0
-3466.146,-748.378,1303.182,-3500.0,-750.0,800.0
3410.434,-982.256,1286.289,3500.0,-1000.0,800.0
2837.205,-978.177,1291.292,2916.6666666666665,-1000.0,800.0
2264.625,-975.901,1297.733,2333.333333333333,-1000.0,800.0
1693.563,-974.169,1306.117,1750.0,-1000.0,800.0
1123.759,-973.787,1311.629,1166.6666666666665,-1000.0,800.0
556.843,-972.245,1316.707,583.3333333333335,-1000.0,800.0
-10.269,-992.263,1344.511,0.0,-1000.0,800.0
-588.129,-991.524,1340.153,-583.3333333333335,-1000.0,800.0
-1164.791,-989.19,1335.393,-1166.666666666667,-1000.0,800.0
-1740.052,-986.732,1325.586,-1750.0,-1000.0,800.0
-2316.556,-984.889,1312.634,-2333.333333333333,-1000.0,800.0
-2890.752,-985.338,1305.304,-2916.666666666667,-1000.0,800.0
-3467.297,-989.412,1299.293,-3500.0,-1000.0,800.0
3411.882,-1220.648,1287.948,3500.0,-1250.0,800.0
2838.376,-1215.008,1287.715,2916.6666666666665,-1250.0,800.0
2266.157,-1214.002,1294.914,2333.333333333333,-1250.0,800.0
1694.875,-1211.526,1299.879,1750.0,-1250.0,800.0
1125.708,-1211.248,1309.05,1166.6666666666665,-1250.0,800.0
569.22,-1234.103,1337.057,583.3333333333335,-1250.0,800.0
-9.483,-1234.158,1338.72,0.0,-1250.0,800.0
-586.246,-1233.424,1337.253,-583.3333333333335,-1250.0,800.0
-1162.991,-1230.892,1330.962,-1166.666666666667,-1250.0,800.0
-1736.503,-1228.721,1330.541,-1750.0,-1250.0,800.0
-2312.802,-1227.582,1311.512,-2333.333333333333,-1250.0,800.0
-2891.073,-1228.086,1299.911,-2916.666666666667,-1250.0,800.0
-3465.699,-1232.233,1300.501,-3500.0,-1250.0,800.0
3412.909,-1461.361,1286.629,3500.0,-1500.0,800.0
2839.003,-1455.216,1285.058,2916.6666666666665,-1500.0,800.0
2266.821,-1454.283,1291.394,2333.333333333333,-1500.0,800.0
1695.571,-1449.949,1297.558,1750.0,-1500.0,800.0
1126.708,-1450.836,1304.677,1166.6666666666665,-1500.0,800.0
569.091,-1473.208,1330.418,583.3333333333335,-1500.0,800.0
-8.517,-1473.328,1333.771,0.0,-1500.0,800.0
-584.641,-1470.524,1331.91,-583.3333333333335,-1500.0,800.0
-1161.243,-1469.549,1323.649,-1166.666666666667,-1500.0,800.0
-1737.752,-1465.562,1313.185,-1750.0,-1500.0,800.0
-2314.765,-1465.533,1300.204,-2333.333333333333,-1500.0,800.0
-2890.251,-1465.737,1294.776,-2916.666666666667,-1500.0,800.0
-3466.112,-1472.144,1296.981,-3500.0,-1500.0,800.0
3402.575,1426.804,1491.869,3500.0,1500.0,1000.0
2829.634,1419.515,1498.296,2916.6666666666665,1500.0,1000.0
2258.468,1419.814,1510.467,2333.333333333333,1500.0,1000.0
1690.157,1418.681,1525.069,1750.0,1500.0,1000.0
1121.371,1419.669,1534.504,1166.6666666666665,1500.0,1000.0
554.676,1417.9,1536.676,583.3333333333335,1500.0,1000.0
-12.464,1420.199,1538.047,0.0,1500.0,1000.0
-588.247,1442.744,1563.031,-583.3333333333335,1500.0,1000.0
-1165.359,1440.058,1553.076,-1166.666666666667,1500.0,1000.0
-1740.399,1434.95,1539.409,-1750.0,1500.0,1000.0
-2315.009,1430.686,1523.974,-2333.333333333333,1500.0,1000.0
-2889.135,1428.225,1511.651,-2916.666666666667,1500.0,1000.0
-3464.036,1429.873,1507.257,-3500.0,1500.0,1000.0
3401.653,1178.444,1485.86,3500.0,1250.0,1000.0
2828.83,1176.916,1491.318,2916.6666666666665,1250.0,1000.0
2257.51,1174.29,1504.173,2333.333333333333,1250.0,1000.0
1687.923,1175.236,1516.16,1750.0,1250.0,1000.0
1119.169,1175.84,1526.152,1166.6666666666665,1250.0,1000.0
552.358,1176.275,1530.631,583.3333333333335,1250.0,1000.0
-13.825,1175.515,1533.532,0.0,1250.0,1000.0
-591.297,1200.406,1562.204,-583.3333333333335,1250.0,1000.0
-1167.206,1196.428,1555.648,-1166.666666666667,1250.0,1000.0
-1742.274,1193.263,1543.909,-1750.0,1250.0,1000.0
-2316.301,1188.982,1529.456,-2333.333333333333,1250.0,1000.0
-2889.533,1186.685,1517.074,-2916.666666666667,1250.0,1000.0
-3463.863,1187.491,1510.571,-3500.0,1250.0,1000.0
3401.905,938.579,1486.465,3500.0,1000.0,1000.0
2829.437,933.232,1498.286,2916.6666666666665,1000.0,1000.0
2257.862,936.715,1509.006,2333.333333333333,1000.0,1000.0
1688.226,931.81,1522.916,1750.0,1000.0,1000.0
1119.845,935.438,1531.701,1166.6666666666665,1000.0,1000.0
553.059,935.536,1536.214,583.3333333333335,1000.0,1000.0
-13.48,936.907,1537.491,0.0,1000.0,1000.0
-590.666,955.039,1567.975,-583.3333333333335,1000.0,1000.0
-1167.294,954.597,1560.926,-1166.666666666667,1000.0,1000.0
-1741.811,950.761,1548.858,-1750.0,1000.0,1000.0
-2317.323,948.594,1533.477,-2333.333333333333,1000.0,1000.0
-2891.183,945.66,1519.896,-2916.666666666667,1000.0,1000.0
-3464.689,945.561,1511.218,-3500.0,1000.0,1000.0
3401.654,700.25,1489.494,3500.0,750.0,1000.0
2830.443,697.836,1499.918,2916.6666666666665,750.0,1000.0
2258.713,696.298,1513.443,2333.333333333333,750.0,1000.0
1688.734,697.149,1525.08,1750.0,750.0,1000.0
1119.626,698.115,1532.437,1166.6666666666665,750.0,1000.0
553.148,697.736,1539.595,583.3333333333335,750.0,1000.0
-13.418,697.756,1540.422,0.0,750.0,1000.0
-590.695,712.252,1573.268,-583.3333333333335,750.0,1000.0
-1167.054,709.908,1566.296,-1166.666666666667,750.0,1000.0
-1742.72,709.211,1552.495,-1750.0,750.0,1000.0
-2317.252,705.933,1538.313,-2333.333333333333,750.0,1000.0
-2891.0,703.857,1524.142,-2916.666666666667,750.0,1000.0
-3465.133,702.848,1513.554,-3500.0,750.0,1000.0
3402.888,459.655,1489.115,3500.0,500.0,1000.0
2830.381,458.273,1502.002,2916.6666666666665,500.0,1000.0
2258.905,458.755,1515.196,2333.333333333333,500.0,1000.0
1689.941,455.806,1530.96,1750.0,500.0,1000.0
1120.144,457.372,1530.711,1166.6666666666665,500.0,1000.0
553.148,458.905,1541.357,583.3333333333335,500.0,1000.0
-11.911,458.66,1545.589,0.0,500.0,1000.0
-589.956,467.323,1578.011,-583.3333333333335,500.0,1000.0
-1167.332,468.367,1568.84,-1166.666666666667,500.0,1000.0
-1741.96,466.902,1556.618,-1750.0,500.0,1000.0
-2317.258,465.222,1541.152,-2333.333333333333,500.0,1000.0
-2890.379,462.816,1527.296,-2916.666666666667,500.0,1000.0
-3464.469,461.795,1514.476,-3500.0,500.0,1000.0
3403.563,220.979,1493.179,3500.0,250.0,1000.0
2832.1,220.391,1505.074,2916.6666666666665,250.0,1000.0
2260.482,220.03,1519.08,2333.333333333333,250.0,1000.0
1689.79,219.612,1530.812,1750.0,250.0,1000.0
1120.183,221.616,1538.361,1166.6666666666665,250.0,1000.0
552.863,219.925,1564.527,583.3333333333335,250.0,1000.0
-11.386,219.394,1547.486,0.0,250.0,1000.0
-589.939,225.242,1579.783,-583.3333333333335,250.0,1000.0
-1166.98,224.166,1572.284,-1166.666666666667,250.0,1000.0
-1742.608,224.248,1557.341,-1750.0,250.0,1000.0
-2316.605,222.568,1544.132,-2333.333333333333,250.0,1000.0
-2890.462,220.954,1528.709,-2916.666666666667,250.0,1000.0
-3464.068,219.671,1515.986,-3500.0,250.0,1000.0
3404.533,-18.353,1491.331,3500.0,0.0,1000.0
2832.516,-20.178,1506.173,2916.6666666666665,0.0,1000.0
2260.156,-18.732,1518.445,2333.333333333333,0.0,1000.0
1690.086,-19.264,1532.861,1750.0,0.0,1000.0
1120.724,-19.376,1541.549,1166.6666666666665,0.0,1000.0
554.329,-18.844,1546.516,583.3333333333335,0.0,1000.0
-11.674,-18.807,1587.039,0.0,0.0,1000.0
-588.763,-19.082,1582.318,-583.3333333333335,0.0,1000.0
-1166.93,-16.847,1572.311,-1166.666666666667,0.0,1000.0
-1742.255,-17.326,1555.495,-1750.0,0.0,1000.0
-2316.645,-18.177,1546.131,-2333.333333333333,0.0,1000.0
-2890.145,-19.135,1527.557,-2916.666666666667,0.0,1000.0
-3464.597,-20.451,1515.367,-3500.0,0.0,1000.0
3405.51,-257.443,1494.296,3500.0,-250.0,1000.0
2833.329,-256.458,1505.994,2916.6666666666665,-250.0,1000.0
2261.5,-256.902,1520.584,2333.333333333333,-250.0,1000.0
1690.588,-256.498,1531.382,1750.0,-250.0,1000.0
1121.222,-256.96,1540.66,1166.6666666666665,-250.0,1000.0
554.581,-255.408,1545.154,583.3333333333335,-250.0,1000.0
-10.741,-263.078,1584.582,0.0,-250.0,1000.0
-589.671,-261.586,1580.159,-583.3333333333335,-250.0,1000.0
-1166.42,-260.789,1570.404,-1166.666666666667,-250.0,1000.0
-1740.96,-260.614,1559.379,-1750.0,-250.0,1000.0
-2315.722,-260.728,1543.739,-2333.333333333333,-250.0,1000.0
-2890.514,-260.889,1527.328,-2916.666666666667,-250.0,1000.0
-3463.186,-262.047,1515.997,-3500.0,-250.0,1000.0
3406.178,-496.306,1492.212,3500.0,-500.0,1000.0
2833.851,-496.85,1505.23,2916.6666666666665,-500.0,1000.0
2261.413,-495.506,1517.82,2333.333333333333,-500.0,1000.0
1691.634,-496.895,1532.283,1750.0,-500.0,1000.0
1122.027,-495.05,1538.709,1166.6666666666665,-500.0,1000.0
555.443,-495.808,1545.515,583.3333333333335,-500.0,1000.0
-10.555,-505.463,1581.558,0.0,-500.0,1000.0
-588.798,-504.271,1575.352,-583.3333333333335,-500.0,1000.0
-1165.522,-503.22,1568.866,-1166.666666666667,-500.0,1000.0
-1740.193,-501.829,1556.551,-1750.0,-500.0,1000.0
-2315.368,-500.767,1540.453,-2333.333333333333,-500.0,1000.0
-2888.824,-500.927,1527.01,-2916.666666666667,-500.0,1000.0
-3466.119,-501.933,1512.436,-3500.0,-500.0,1000.0
3407.148,-736.049,1493.338,3500.0,-750.0,1000.0
2835.149,-734.735,1503.882,2916.6666666666665,-750.0,1000.0
2263.054,-733.962,1516.801,2333.333333333333,-750.0,1000.0
1692.268,-733.36,1526.669,1750.0,-750.0,1000.0
1123.216,-734.574,1537.557,1166.6666666666665,-750.0,1000.0
556.444,-732.743,1542.736,583.3333333333335,-750.0,1000.0
-10.63,-748.48,1575.915,0.0,-750.0,1000.0
-587.806,-747.707,1574.024,-583.3333333333335,-750.0,1000.0
-1164.273,-747.313,1565.938,-1166.666666666667,-750.0,1000.0
-1739.867,-744.343,1556.864,-1750.0,-750.0,1000.0
-2314.947,-743.001,1536.774,-2333.333333333333,-750.0,1000.0
-2890.16,-742.756,1521.402,-2916.666666666667,-750.0,1000.0
-3463.668,-743.948,1511.874,-3500.0,-750.0,1000.0
3407.891,-975.674,1490.503,3500.0,-1000.0,1000.0
2835.558,-973.698,1500.325,2916.6666666666665,-1000.0,1000.0
2264.03,-974.634,1513.802,2333.333333333333,-1000.0,1000.0
1693.437,-973.035,1524.419,1750.0,-1000.0,1000.0
1124.544,-973.475,1535.354,1166.6666666666665,-1000.0,1000.0
567.999,-991.214,1568.286,583.3333333333335,-1000.0,1000.0
-9.807,-990.373,1571.746,0.0,-1000.0,1000.0
-586.266,-990.718,1569.268,-583.3333333333335,-1000.0,1000.0
-1162.872,-987.183,1560.382,-1166.666666666667,-1000.0,1000.0
-1738.986,-984.812,1545.942,-1750.0,-1000.0,1000.0
-2314.939,-982.216,1529.044,-2333.333333333333,-1000.0,1000.0
-2889.127,-981.91,1516.456,-2916.666666666667,-1000.0,1000.0
-3463.35,-983.869,1507.719,-3500.0,-1000.0,1000.0
3409.606,-1214.193,1492.267,3500.0,-1250.0,1000.0
2836.729,-1211.17,1496.696,2916.6666666666665,-1250.0,1000.0
2264.698,-1210.684,1507.859,2333.333333333333,-1250.0,1000.0
1695.08,-1212.26,1520.18,1750.0,-1250.0,1000.0
1125.492,-1210.645,1527.864,1166.6666666666665,-1250.0,1000.0
568.431,-1231.096,1560.587,583.3333333333335,-1250.0,1000.0
-8.569,-1233.265,1566.406,0.0,-1250.0,1000.0
-585.24,-1231.886,1563.448,-583.3333333333335,-1250.0,1000.0
-1162.17,-1229.304,1552.752,-1166.666666666667,-1250.0,1000.0
-1738.027,-1226.73,1537.522,-1750.0,-1250.0,1000.0
-2313.463,-1223.975,1523.876,-2333.333333333333,-1250.0,1000.0
-2887.488,-1223.97,1511.17,-2916.666666666667,-1250.0,1000.0
-3462.422,-1226.466,1505.566,-3500.0,-1250.0,1000.0
3410.383,-1456.051,1490.772,3500.0,-1500.0,1000.0
2837.604,-1451.572,1494.223,2916.6666666666665,-1500.0,1000.0
2265.178,-1448.813,1502.082,2333.333333333333,-1500.0,1000.0
1696.083,-1450.149,1516.426,1750.0,-1500.0,1000.0
1126.349,-1448.772,1521.718,1166.6666666666665,-1500.0,1000.0
568.691,-1472.416,1554.422,583.3333333333335,-1500.0,1000.0
-7.756,-1472.021,1558.597,0.0,-1500.0,1000.0
-584.021,-1469.926,1555.299,-583.3333333333335,-1500.0,1000.0
-1161.191,-1466.699,1542.836,-1166.666666666667,-1500.0,1000.0
-1736.994,-1463.111,1529.565,-1750.0,-1500.0,1000.0
-2312.33,-1462.111,1514.943,-2333.333333333333,-1500.0,1000.0
-2886.214,-1460.425,1504.62,-2916.666666666667,-1500.0,1000.0
-3462.222,-1465.078,1500.54,-3500.0,-1500.0,1000.0
3399.75,1418.217,1698.052,3500.0,1500.0,1200.0
2828.451,1413.896,1712.997,2916.6666666666665,1500.0,1200.0
2257.348,1418.377,1730.851,2333.333333333333,1500.0,1200.0
1690.626,1416.026,1751.705,1750.0,1500.0,1200.0
1120.824,1417.399,1758.738,1166.6666666666665,1500.0,1200.0
555.742,1418.491,1769.392,583.3333333333335,1500.0,1200.0
-12.506,1443.965,1800.495,0.0,1500.0,1200.0
-587.489,1440.825,1796.759,-583.3333333333335,1500.0,1200.0
-1165.059,1438.186,1782.599,-1166.666666666667,1500.0,1200.0
-1738.76,1432.724,1766.157,-1750.0,1500.0,1200.0
-2313.3,1427.5,1745.488,-2333.333333333333,1500.0,1200.0
-2886.043,1423.53,1725.93,-2916.666666666667,1500.0,1200.0
-3459.938,1423.078,1715.176,-3500.0,1500.0,1200.0
3399.195,1176.77,1691.572,3500.0,1250.0,1200.0
2827.788,1172.471,1707.322,2916.6666666666665,1250.0,1200.0
2256.903,1172.128,1724.841,2333.333333333333,1250.0,1200.0
1688.483,1173.796,1742.809,1750.0,1250.0,1200.0
1119.451,1174.34,1754.407,1166.6666666666665,1250.0,1200.0
552.643,1177.791,1762.474,583.3333333333335,1250.0,1200.0
-13.969,1197.397,1798.978,0.0,1250.0,1200.0
-590.845,1199.326,1791.936,-583.3333333333335,1250.0,1200.0
-1166.834,1194.678,1785.789,-1166.666666666667,1250.0,1200.0
-1740.981,1191.66,1769.839,-1750.0,1250.0,1200.0
-2315.245,1186.395,1752.095,-2333.333333333333,1250.0,1200.0
-2887.075,1182.498,1733.779,-2916.666666666667,1250.0,1200.0
-3460.154,1180.79,1720.406,-3500.0,1250.0,1200.0
3399.781,935.209,1696.716,3500.0,1000.0,1200.0
2828.456,933.316,1713.236,2916.6666666666665,1000.0,1200.0
2257.556,933.676,1731.448,2333.333333333333,1000.0,1200.0
1688.931,935.587,1749.393,1750.0,1000.0,1200.0
1119.68,936.751,1761.841,1166.6666666666665,1000.0,1200.0
553.838,935.189,1768.974,583.3333333333335,1000.0,1200.0
-13.369,938.242,1770.832,0.0,1000.0,1200.0
-589.22,954.239,1802.941,-583.3333333333335,1000.0,1200.0
-1166.413,953.148,1793.266,-1166.666666666667,1000.0,1200.0
-1740.747,949.317,1777.274,-1750.0,1000.0,1200.0
-2315.662,945.993,1757.764,-2333.333333333333,1000.0,1200.0
-2888.444,942.503,1738.867,-2916.666666666667,1000.0,1200.0
-3461.354,940.492,1724.05,-3500.0,1000.0,1200.0
3400.084,696.396,1700.697,3500.0,750.0,1200.0
2829.361,696.181,1717.038,2916.6666666666665,750.0,1200.0
2258.37,697.278,1735.873,2333.333333333333,750.0,1200.0
1689.32,696.39,1753.283,1750.0,750.0,1200.0
1120.538,697.471,1766.017,1166.6666666666665,750.0,1200.0
553.334,698.585,1771.593,583.3333333333335,750.0,1200.0
-13.089,710.865,1811.26,0.0,750.0,1200.0
-590.025,712.01,1808.427,-583.3333333333335,750.0,1200.0
-1167.036,710.696,1798.032,-1166.666666666667,750.0,1200.0
-1741.055,707.579,1783.024,-1750.0,750.0,1200.0
-2316.235,704.324,1763.58,-2333.333333333333,750.0,1200.0
-2889.264,700.993,1744.013,-2916.666666666667,750.0,1200.0
-3461.808,699.55,1728.216,-3500.0,750.0,1200.0
3401.606,457.374,1703.694,3500.0,500.0,1200.0
2830.443,455.929,1723.873,2916.6666666666665,500.0,1200.0
2259.122,456.389,1742.025,2333.333333333333,500.0,1200.0
1689.92,458.014,1757.851,1750.0,500.0,1200.0
1120.73,458.794,1769.576,1166.6666666666665,500.0,1200.0
554.559,458.107,1779.268,583.3333333333335,500.0,1200.0
-12.462,468.52,1816.823,0.0,500.0,1200.0
-589.67,468.41,1811.868,-583.3333333333335,500.0,1200.0
-1165.827,467.659,1804.216,-1166.666666666667,500.0,1200.0
-1739.895,465.796,1788.613,-1750.0,500.0,1200.0
-2315.83,464.178,1767.855,-2333.333333333333,500.0,1200.0
-2888.619,461.481,1748.262,-2916.666666666667,500.0,1200.0
-3462.025,459.105,1731.056,-3500.0,500.0,1200.0
3402.177,220.733,1705.641,3500.0,250.0,1200.0
2831.041,220.991,1723.07,2916.6666666666665,250.0,1200.0
2259.57,221.14,1742.034,2333.333333333333,250.0,1200.0
1690.347,220.156,1761.057,1750.0,250.0,1200.0
1120.8,220.156,1771.825,1166.6666666666665,250.0,1200.0
554.671,220.343,1780.393,583.3333333333335,250.0,1200.0
-12.71,226.191,1819.971,0.0,250.0,1200.0
-588.818,224.104,1817.08,-583.3333333333335,250.0,1200.0
-1166.028,224.022,1806.394,-1166.666666666667,250.0,1200.0
-1741.166,224.139,1788.947,-1750.0,250.0,1200.0
-2315.236,221.945,1771.567,-2333.333333333333,250.0,1200.0
-2887.63,220.068,1751.181,-2916.666666666667,250.0,1200.0
-3462.301,218.112,1733.219,-3500.0,250.0,1200.0
3403.518,-19.194,1708.321,3500.0,0.0,1200.0
2832.322,-19.587,1728.097,2916.6666666666665,0.0,1200.0
2260.574,-19.717,1746.071,2333.333333333333,0.0,1200.0
1690.465,-18.865,1761.433,1750.0,0.0,1200.0
1121.884,-19.182,1776.51,1166.6666666666665,0.0,1200.0
554.672,-17.907,1780.215,583.3333333333335,0.0,1200.0
-11.005,-18.997,1823.069,0.0,0.0,1200.0
-588.042,-18.633,1818.587,-583.3333333333335,0.0,1200.0
-1165.837,-17.014,1805.343,-1166.666666666667,0.0,1200.0
-1739.718,-17.992,1789.907,-1750.0,0.0,1200.0
-2314.946,-18.032,1771.836,-2333.333333333333,0.0,1200.0
-2887.699,-19.028,1750.615,-2916.666666666667,0.0,1200.0
-3462.887,-20.318,1733.171,-3500.0,0.0,1200.0
3403.956,-254.115,1706.896,3500.0,-250.0,1200.0
2832.438,-255.031,1724.883,2916.6666666666665,-250.0,1200.0
2260.658,-255.199,1743.036,2333.333333333333,-250.0,1200.0
1691.454,-256.534,1763.114,1750.0,-250.0,1200.0
1121.568,-255.947,1772.437,1166.6666666666665,-250.0,1200.0
555.852,-256.076,1782.365,583.3333333333335,-250.0,1200.0
-11.096,-262.431,1820.169,0.0,-250.0,1200.0
-588.698,-260.41,1815.969,-583.3333333333335,-250.0,1200.0
-1164.748,-260.841,1806.76,-1166.666666666667,-250.0,1200.0
-1739.432,-260.482,1790.51,-1750.0,-250.0,1200.0
-2314.42,-260.12,1770.788,-2333.333333333333,-250.0,1200.0
-2889.007,-259.937,1749.413,-2916.666666666667,-250.0,1200.0
-3462.985,-260.68,1731.401,-3500.0,-250.0,1200.0
3405.064,-494.973,1707.623,3500.0,-500.0,1200.0
2833.639,-495.494,1726.381,2916.6666666666665,-500.0,1200.0
2261.181,-495.715,1744.491,2333.333333333333,-500.0,1200.0
1691.776,-495.688,1760.41,1750.0,-500.0,1200.0
1123.19,-495.613,1774.18,1166.6666666666665,-500.0,1200.0
556.408,-495.601,1781.452,583.3333333333335,-500.0,1200.0
-10.959,-503.116,1817.245,0.0,-500.0,1200.0
-587.406,-504.241,1813.664,-583.3333333333335,-500.0,1200.0
-1163.81,-502.186,1804.512,-1166.666666666667,-500.0,1200.0
-1738.361,-500.861,1787.449,-1750.0,-500.0,1200.0
-2314.287,-499.091,1766.575,-2333.333333333333,-500.0,1200.0
-2888.514,-498.859,1745.69,-2916.666666666667,-500.0,1200.0
-3463.045,-498.909,1728.626,-3500.0,-500.0,1200.0
3405.0,-730.621,1703.364,3500.0,-750.0,1200.0
2833.953,-730.393,1719.973,2916.6666666666665,-750.0,1200.0
2262.578,-732.346,1740.533,2333.333333333333,-750.0,1200.0
1692.885,-732.744,1756.674,1750.0,-750.0,1200.0
1123.841,-734.398,1769.988,1166.6666666666665,-750.0,1200.0
556.476,-731.536,1774.182,583.3333333333335,-750.0,1200.0
-10.209,-747.43,1813.589,0.0,-750.0,1200.0
-586.359,-746.631,1812.032,-583.3333333333335,-750.0,1200.0
-1163.235,-745.937,1799.665,-1166.666666666667,-750.0,1200.0
-1738.302,-742.915,1781.221,-1750.0,-750.0,1200.0
-2313.926,-741.163,1761.775,-2333.333333333333,-750.0,1200.0
-2886.74,-739.921,1742.009,-2916.666666666667,-750.0,1200.0
-3461.617,-739.249,1725.302,-3500.0,-750.0,1200.0
3406.325,-971.182,1703.0,3500.0,-1000.0,1200.0
2835.096,-971.544,1717.909,2916.6666666666665,-1000.0,1200.0
2263.19,-971.274,1733.763,2333.333333333333,-1000.0,1200.0
1694.177,-973.757,1754.029,1750.0,-1000.0,1200.0
1124.746,-971.688,1764.095,1166.6666666666665,-1000.0,1200.0
567.666,-989.129,1803.968,583.3333333333335,-1000.0,1200.0
-9.186,-989.742,1809.229,0.0,-1000.0,1200.0
-585.498,-989.037,1804.374,-583.3333333333335,-1000.0,1200.0
-1162.342,-985.362,1790.749,-1166.666666666667,-1000.0,1200.0
-1737.964,-982.945,1772.83,-1750.0,-1000.0,1200.0
-2313.098,-980.086,1753.322,-2333.333333333333,-1000.0,1200.0
-2885.686,-978.516,1734.833,-2916.666666666667,-1000.0,1200.0
-3460.247,-978.32,1719.585,-3500.0,-1000.0,1200.0
3406.991,-1208.289,1698.047,3500.0,-1250.0,1200.0
2835.809,-1207.779,1712.205,2916.6666666666665,-1250.0,1200.0
2264.325,-1208.451,1729.078,2333.333333333333,-1250.0,1200.0
1695.251,-1210.331,1746.708,1750.0,-1250.0,1200.0
1125.424,-1209.355,1756.286,1166.6666666666665,-1250.0,1200.0
568.384,-1230.23,1796.563,583.3333333333335,-1250.0,1200.0
-8.798,-1231.195,1800.66,0.0,-1250.0,1200.0
-585.059,-1229.604,1795.304,-583.3333333333335,-1250.0,1200.0
-1162.175,-1227.874,1781.138,-1166.666666666667,-1250.0,1200.0
-1736.774,-1224.384,1765.174,-1750.0,-1250.0,1200.0
-2311.358,-1221.279,1747.07,-2333.333333333333,-1250.0,1200.0
-2884.341,-1219.048,1727.991,-2916.666666666667,-1250.0,1200.0
-3459.118,-1220.779,1714.32,-3500.0,-1250.0,1200.0
3407.159,-1448.451,1693.822,3500.0,-1500.0,1200.0
2836.061,-1446.225,1705.626,2916.6666666666665,-1500.0,1200.0
2265.134,-1448.048,1723.504,2333.333333333333,-1500.0,1200.0
1696.077,-1449.033,1739.75,1750.0,-1500.0,1200.0
1143.624,-1469.196,1776.36,1166.6666666666665,-1500.0,1200.0
569.047,-1471.168,1788.968,583.3333333333335,-1500.0,1200.0
-7.593,-1470.54,1792.034,0.0,-1500.0,1200.0
-583.966,-1468.107,1784.375,-583.3333333333335,-1500.0,1200.0
-1160.933,-1464.817,1771.355,-1166.666666666667,-1500.0,1200.0
-1735.206,-1462.216,1754.879,-1750.0,-1500.0,1200.0
-2309.167,-1458.475,1737.033,-2333.333333333333,-1500.0,1200.0
-2882.794,-1456.388,1718.119,-2916.666666666667,-1500.0,1200.0
-3458.232,-1458.003,1707.827,-3500.0,-1500.0,1200.0
-12.079,-6.203,465.36,0.0,0.0,0.0
